County,Social Progress Index,Basic Human Needs,Foundations of Wellbeing,Opportunity,Nutrition and Basic Medical Care,Water and Sanitation,Shelter,Personal Safety,Access to Basic Knowledge,Access to Information and Communication,Health and Wellness,Environmental Quality,Personal Rights,Personal Freedom and Choice,Inclusiveness,Access to Advanced Education,"Infant mortality rate (deaths per 1,000 live births) ","Youth mortality rate (deaths per 1,000 pop.)",Lead exposure (% children under 6 exposed),"Vaccine-preventable diseases (prevalence per 10,000 pop.)",Supermarket access (% of low-income pop.),Contaminated drinking water (contaminant concentration over one compliance cycle),Water consumption (gallons/day/capita),Groundwater pollutants (sum of weighted site scores),Solid waste sites (sum of weighted site scores),"Salmonellosis prevalance (cases per 100,000)",Housing overcrowding (% of households),Housing cost burden (owners) (% of housing units),Housing cost burden (renters) (% of housing units),Outstanding Regional Housing Needs Allocation (RHNA) (% of construction permits),Homelessness (% of pop.),"Motor vehicle related deaths (per 100,000 pop.)","Property crime rate (per 100,000 pop.; five-year average) ","Homicide rate (per 100,000 pop.; five-year average)","Forcible rape (per 100,000 pop.; five-year average) ",Preschool enrollment (% of pop. ages 3-4),Third grade language arts proficiency (% of 3rd graders),Eighth grade math proficiency (% of 8th graders),Less than 9th grade education (% of pop. age 25+),Population without high school education (% of pop. ages 18-24 without high school diploma or equivalent),Broadband adoption rate (% of connections per housing units offered connection),Slow or no broadband service (% of households),Public library use (visits per capita),"Premature deaths (years of life lost before age 75 per 100,000 pop.; age-adjusted)",Poor mental health days (average days per month),Adult obesity (% of adult pop.),Diabetes prevalence (% of adults age 20+),"Drug overdose deaths (deaths per 100,000 pop.; age-adjusted)",Ozone concentration (average ppm),PM2.5 concentration (Œºg/m3),Traffic density (vehicles-km/hr/km),Carbon footprint (average CO2 emissions/household),Wildfire vulnerability (index of wildfire potential and social vulnerability),Voter registration (total registrations/eligible pop.),Voter turnout (total voters/eligible pop.),"Citizen complaints against peace officers (complaints/100,000)",Owner occupied homes (% of households),"Teen births (births per 1,000 female pop. ages 15-19)",Access to exercise opportunities (% of pop.),Child care deserts (% of pop.),Disconnected youth (% of pop. ages 16-24),Residential isolation (Non-white/white),Residential segregation (Non-white/white),"Hate crime rate (hate crimes/100,000) ","School bullying (allegations/100,000 students)",Female county supervisors (% of county supervisors),Linguistic isolation (% of households),College or graduate school enrollment (% of pop. age 15+),Associates degree holders (% of pop. age 25+),Bachelors degree holders (% of pop. age 25+),Advanced degree holders (% of pop. age 25+),,,,,NAME,Broadband.Adoption.Rate,CarbonFootprint,ForRapeClr_rate,HomicideClr_rate,PCT_LACCESS_LOWI15,PropertyClr_rate,RegistrationRate,TurnoutEligible,Visits.pc,bullying.rate,child.mort,complaint.rate,drinking_water_index,drug.od,gpcd,groundwater_threats,hatecrimerate,homelessness_rate,inf.mort,life_lost_rate,linguistic_isolation,ment_unhealthy_days,mv.deaths,ozone,pct_BLLgt4.5,pct_associates,pct_bachelors,pct_childcaredesert,pct_diabetic,pct_disconnected_youth,pct_enrolled,pct_exercise_access,pct_female,pct_graduate,pct_hburdenowner,pct_hburdenrenter,pct_homeownership,pct_hsincomplete,pct_lessthan9th,pct_met_and_above_m,pct_met_and_above_r,pct_obsese,pct_overcrowded,pct_preschoolenroll,pct_rhna_outstanding,pm25,prev.vax,res_iso_wnw,res_seg_wnw,salmonella.rate,solid_waste_sites,teen_birth_rate,traffic,un.or.underserved,wildfire.vulnerability
Alameda,59.1,61.3,70.1,48.1,69.0,58.4,54.6,64.1,68.7,73.8,80.3,59.4,37.3,83.5,29.3,58.5,12.49,3.92,2.32,1.014554562,1.002539499,117.9154167,132.7445945,37.51875,1.594861111,15.45,7,29.21068596,48.89810511,62.93744334,345.419,3.84,260.7364316,3.522304348,16.05287138,55.80645973,49.40216667,40.36044643,6.659708256,10.27247619,82.2,5.005426802,4.874255576,4660,3.3,19,8,9.36,0.032563889,8.774793369,988.6267324,45.57673913,0.418322414,54.5321441,62.64,86.09395471,53.01052595,15,98,53.09560847,12,0.639197564,0.331517324,5.33868429,256.3591685,20,8.841367645,10.60275247,6.493970499,25.73298137,18.97530525,,,,,Alameda,82.2,-45.577,-16.053,-3.522,-1.688,-260.736,54.532,62.64,4.874,-256.359,-12.59,-37.786,-254.687,-9.444,-132.745,-30.467,-5.148,-345.419,-3.92,-4660,-0.088,-3.37,-3.84,-0.034,-2.32,0.067,0.254,-0.531,-8,-12,0.106,97,0.2,0.17,-0.292,-0.489,0.53,-0.103,-0.067,40.36,49.402,-19,-0.07,0.558,-0.629,-8.775,-1.015,-0.52,-0.332,-15.45,-1.595,-15,-914.334,-0.05,-0.441
Amador,49.9,56.3,40.6,54.4,40.5,51.4,70.1,68.8,27.2,32.6,57.9,52.9,68.2,56.3,60.2,37.9,,,1.7,0.982862453,3.571358572,552.5577778,94.61576967,20.05,7.144444444,12.88333333,2,26.82904496,53.7377451,52.43902439,235.887,5.03,451.4019193,1.072213585,11.25824264,37.08737864,40.11,13.14142857,2.977238974,22.38749047,65,16.08108108,1.882512196,6214,3.6,25,9,18.12,0.053666667,6.648282874,228.0344444,45.157,0.922526261,60.08952983,66.38,18.76373774,76.98977793,19,88,61.90157079,30,0.20385017,0.298957749,0,247.3206925,0,1.603816447,5.539394311,10.47905226,14.79984803,7.298034746,,,,,Alpine,57.5,-39.405,-5.222,-0.876,-11.794,-349.127,60.017,65.3,7.191,-12.729,-15.144,-7.292,-645.76,-8.027,-89.359,-6.687,0,-332.502,-7.098,-5542.083,-0.011,-4.23,-2.963,-0.055,-0.741,0.067,0.149,-0.376,-10,-17.833,0.083,97,0.2,0.107,-0.34,-0.428,0.734,-0.149,-0.023,54.864,37.093,-23,-0.03,0.564,-0.477,-4.907,-0.287,-0.261,-0.219,-7.987,-9.431,-11.05,-122.112,-0.088,-0.808
Butte,54.6,58.8,47.7,58.0,57.5,57.6,48.7,74.1,52.0,46.7,39.3,54.2,48.2,61.9,71.1,53.5,18.62,4.5,1.44,0.503240722,7.437892003,452.6335294,180.202171,10.88823529,2.264705882,16.48333333,3,27.8695618,58.262322,79.32692308,530.623,9.14,370.7700027,1.953758098,8.525489883,48.73708381,40.0502,29.81473684,4.10298935,8.479385252,70.9,10.77441077,2.740136852,7286,4.1,25,9,26.85,0.050215686,9.051369732,346.1590196,43.07444444,0.769489703,57.40274503,58.49,24.86601216,59.00634814,21,73,67.22082351,14,0.228966317,0.269473027,0.888071863,7.832284677,20,2.765546433,15.0992,10.15364794,17.68870187,8.933784728,,,,,Amador,65,-45.157,-11.258,-1.072,-3.571,-451.402,60.09,66.38,1.883,-247.321,-25.428,-18.764,-552.558,-18.12,-94.616,-20.05,0,-235.887,-7.098,-6214,-0.016,-3.6,-5.03,-0.054,-1.7,0.105,0.148,-0.619,-9,-23,0.055,88,0,0.073,-0.268,-0.537,0.734,-0.217,-0.03,23.19,40.11,-25,-0.02,0.371,-0.524,-6.648,-0.983,-0.204,-0.299,-12.883,-7.144,-19,-228.034,-0.161,-0.912
Calaveras,52.5,60.0,43.9,55.0,52.4,60.9,59.7,68.2,42.2,31.3,47.0,59.8,69.1,61.2,59.8,36.1,33.72,,1.06,0.443882194,2.747715664,381.023,147.9675453,6.975,13.645,14,2,36.51568444,51.79077557,44.94902688,237.477,7.12,179.7722884,4.438821937,11.09705484,39.9380805,40.89466667,37.31111111,3.337226277,17.7148847,61.2,13.12931885,1.340968107,7306,3.7,26,10,17.72,0.0536,6.257579791,214.443,39.76052632,0.89962202,65.59469117,66.42,19.97469871,78.21131821,15,76,47.69736112,22,0.105652023,0.253970363,2.219410968,610.14772,20,0.940180985,3.411937908,11.97664234,12.57226277,6.709489051,,,,,Butte,70.9,-43.074,-8.525,-1.954,-7.438,-370.77,57.403,58.49,2.74,-12.729,-18.62,-24.866,-452.634,-26.724,-180.202,-10.888,-0.888,-530.623,-4.5,-7286,-0.028,-4.1,-9.14,-0.05,-1.44,0.102,0.177,-0.672,-9,-14,0.117,73,0.2,0.089,-0.279,-0.562,0.59,-0.09,-0.041,29.815,40.05,-25,-0.03,0.487,-0.793,-9.051,-0.503,-0.229,-0.269,-16.483,-2.265,-21,-346.159,-0.108,-0.769
Colusa,48.4,61.3,42.8,43.3,63.3,38.9,60.7,94.6,30.1,46.0,38.5,62.6,31.7,52.9,77.9,26.9,,,0.78,0.775951705,2.951441934,454.85,141.0578704,29.86,8.08,14.52,8,26.80822827,41.44893112,74.9498998,279.343,,225.3363751,0.931142046,5.586852274,37.33974359,44.85444444,19.79888889,21.03782663,16.25124626,57.3,3.9445629,1.706876484,5747,3.9,27,10,,0.0464,7.239595602,117.466,44.02571429,0.782875603,40.21602495,54.53,32.5899716,64.15495956,33,70,34.62451697,19,0.122494412,0.09952246,0,15.30221882,40,18.54781302,6.97970312,9.475164705,11.28136798,4.441483455,,,,,Calaveras,61.2,-39.761,-11.097,-4.439,-2.748,-232.497,62.391,66.42,1.341,-393.226,-26.115,-19.975,-381.023,-17.72,-147.968,-6.975,-2.219,-237.477,-7.098,-7306,-0.011,-3.7,-7.12,-0.054,-1.06,0.111,0.126,-0.477,-10,-22,0.05,76,0.2,0.067,-0.34,-0.518,0.734,-0.177,-0.033,37.311,40.895,-26,-0.02,0.399,-0.477,-6.258,-0.444,-0.136,-0.254,-14,-9.431,-15,-214.443,-0.131,-0.9
Contra Costa,66.4,72.1,67.2,60.3,78.2,73.8,53.9,86.7,67.5,74.9,70.9,56.9,56.3,82.6,48.5,58.8,13.26,3.59,0.75,0.958162985,2.96851047,123.361256,114.2884209,15.78091787,1.246859903,12.75,5,31.14878076,50.66519837,69.87219982,143.013,4.01,235.5657048,2.242635346,6.051555695,55.90477895,49.9384,39.80620253,5.851535329,12.12503814,86.9,4.073286439,2.879635447,4703,3.4,24,9,10.25,0.036318841,8.009436165,855.1812808,52.45176471,0.444758739,54.06486556,64.71,21.44742533,65.50384115,14,89,44.17938235,13,0.501553347,0.336798398,1.868862788,195.2836179,60,7.35305067,8.606104498,8.251122362,25.87833645,14.85845982,,,,,Colusa,57.3,-44.026,-5.587,-0.931,-2.951,-232.497,41.369,54.53,1.707,-15.302,-18.571,-32.59,-454.85,-30.733,-141.058,-29.86,0,-279.343,-6.55,-5747,-0.154,-3.9,-10.613,-0.046,-0.78,0.095,0.113,-0.376,-10,-19,0.07,70,0.4,0.044,-0.268,-0.428,0.642,-0.163,-0.151,23.19,44.854,-27,-0.08,0.373,-0.749,-7.24,-0.776,-0.136,-0.134,-14.52,-8.08,-33,-122.112,-0.042,-0.783
Del Norte,45.4,47.3,47.3,41.8,37.9,62.5,66.4,31.7,29.3,58.8,41.3,70.0,54.4,34.3,73.0,22.5,32.21,5.94,2.2,0.364404927,14.00130966,291.2685714,112.1743827,19.49285714,3.75,,3,30.33689126,43.07024681,57.93991416,298.812,8.03,733.1827126,2.186429561,59.76240799,38.06179775,30.609,20.3075,5.271828666,15.33546326,70,2.105263158,1.75369871,8128,4.1,25,9,18.43,0.035428571,3.79964876,352.9942857,39.3975,0.918966401,52.17549741,54.4,7.288098535,61.92295776,50,78,62.90357846,31,0.245186095,0.133642656,3.644049268,39.70617431,20,2.288793603,6.215164116,8.767504119,8.726317957,5.709431631,,,,,Contra Costa,83.9,-49.383,-6.052,-2.243,-2.969,-235.566,54.065,64.71,2.88,-195.284,-13.26,-21.447,-254.687,-10.25,-114.288,-15.781,-1.869,-143.013,-3.59,-4703,-0.074,-3.4,-4.01,-0.036,-0.75,0.083,0.254,-0.442,-9,-13,0.086,89,0.6,0.149,-0.311,-0.507,0.655,-0.121,-0.059,39.806,49.938,-24,-0.05,0.559,-0.699,-8.009,-0.958,-0.502,-0.337,-12.75,-1.445,-14,-855.181,-0.042,-0.445
El Dorado,64.6,69.8,58.9,65.4,52.9,87.0,61.1,84.5,73.1,46.1,70.4,50.8,64.9,76.1,66.0,56.1,15.34,2.55,6.92,0.918844418,6.057005218,269.8511905,88.9290032,6.01547619,2.589285714,13.86666667,2,33.69138369,46.26301438,54.6728972,325.379,3.77,260.9518147,2.378185553,5.621165851,51.31887456,54.55395349,43.85424242,2.331555475,10.8094698,67.1,13.69202226,,5120,3.7,19,8,19.42,0.054809524,6.780551713,429.9461905,47.29857143,0.743369319,62.9457071,70.77,28.64632597,76.29986487,12,85,56.82512229,14,0.176471716,0.30052201,3.783477015,97.18763287,40,1.931154046,6.062451412,10.76583499,21.35539083,11.97794251,,,,,Del Norte,70,-39.403,-23.528,-2.186,-11.794,-630.544,52.175,54.4,1.754,-39.706,-26.115,-7.292,-291.269,-18.43,-112.174,-19.493,-3.644,-298.812,-5.94,-8128,-0.023,-4.1,-8.03,-0.035,-2.2,0.088,0.096,-0.629,-9,-23,0.062,78,0.2,0.057,-0.303,-0.431,0.619,-0.153,-0.053,23.19,35.634,-25,-0.03,0.381,-0.579,-4.907,-0.364,-0.245,-0.134,-17.17,-3.75,-41.8,-352.994,-0.042,-0.912
Fresno,41.4,52.3,39.4,34.5,49.3,57.4,49.8,52.9,31.4,44.9,41.9,40.6,25.2,38.0,44.3,33.4,18.48,7.03,3.73,0.60723578,4.161996053,703.1091457,160.131521,7.40201005,2.284924623,16.45,9,27.73607665,54.10405929,76.16594034,178.98,10.59,471.2561341,4.01393143,10.1068735,38.84263114,43.37609091,24.70991453,14.41942188,16.13896641,68.1,10.37461583,2.961747233,6961,3.9,27,10,13.57,0.063472362,15.19072074,413.3377157,42.97038462,0.767809198,45.02015199,50.05,31.69976616,53.01135761,41,79,74.52131295,19,0.414450024,0.25056907,1.955505055,68.57476898,0,14.77577369,9.903371485,8.373619987,13.31847046,6.798914512,,,,,El Dorado,67.1,-47.299,-5.621,-2.378,-6.057,-260.952,62.391,68.256,6.398,-97.188,-15.34,-28.646,-269.851,-19.42,-89.359,-6.687,-3.783,-325.379,-3.184,-5120,-0.019,-3.7,-3.77,-0.055,-6.92,0.108,0.214,-0.568,-8,-14,0.061,85,0.4,0.12,-0.337,-0.463,0.734,-0.108,-0.023,43.854,53.577,-19,-0.02,0.513,-0.547,-6.781,-0.919,-0.176,-0.301,-13.867,-2.589,-13,-429.946,-0.137,-0.743
Glenn,38.6,54.5,32.4,32.7,56.9,38.3,70.0,57.6,30.5,13.0,46.2,60.3,40.5,33.1,62.1,13.8,45.82,4.47,1.52,0.357973868,3.56795832,573.8266667,147.5220679,17.98333333,9.1,16.74,5,26.32774284,43.35232669,56.92307692,279.22,7.01,305.7096832,2.863790943,20.76248434,27.70562771,43.59285714,33.16352941,14.02353991,19.96,49.6,30.21978022,2.277823519,7336,4.1,27,8,16.28,0.047666667,8.592457642,166.6883333,42.83571429,0.746450849,45.94594595,52.74,16.10882406,57.60869565,34,49,67.45301593,20,0.193862009,0.164220081,3.579738679,14.82799526,20,14.76377953,5.688140893,7.374351537,10.14670609,2.839292687,,,,,Fresno,68.1,-42.97,-10.107,-4.014,-4.162,-471.256,45.02,50.197,2.962,-68.575,-18.48,-31.7,-680.713,-13.57,-160.132,-7.402,-1.956,-178.98,-6.172,-6961,-0.148,-3.9,-10.312,-0.061,-3.73,0.084,0.133,-0.745,-10,-19,0.099,79,0,0.068,-0.277,-0.541,0.53,-0.161,-0.144,24.71,43.376,-27,-0.09,0.388,-0.762,-12.467,-0.607,-0.414,-0.251,-16.45,-2.285,-41,-413.338,-0.104,-0.768
Humboldt,48.6,39.5,49.4,58.8,21.3,51.0,40.7,54.9,63.2,44.3,32.0,66.6,55.9,61.7,64.5,53.8,26.52,6.31,10.33,1.697542254,6.192480829,237.1453333,116.8771724,38.99166667,9.355,9.133333333,4,31.40327869,56.78002216,75.15898251,560.189,8.95,432.0614067,5.018820577,6.937781386,55.29453015,43.72314815,33.74489362,2.690484791,8.912395206,66,9.260515604,2.80942505,8953,4.3,28,8,31.61,0.027766667,6.025048469,541.122,40.82514286,0.797852631,61.19787438,57.99,14.39220607,56.5170663,20,70,62.02524172,15,0.288803405,0.267199108,1.476123699,200.8970286,40,2.096565615,12.42953777,9.393710527,19.33909084,10.08767609,,,,,Glenn,51.77,-42.836,-20.762,-2.864,-3.568,-305.71,45.946,52.74,2.278,-14.828,-26.115,-16.109,-573.827,-16.28,-147.522,-17.983,-3.58,-279.22,-4.47,-7336,-0.148,-4.1,-7.01,-0.048,-1.52,0.074,0.101,-0.675,-8,-20,0.057,49.7,0.2,0.044,-0.266,-0.434,0.576,-0.2,-0.14,33.164,43.593,-27,-0.05,0.357,-0.569,-8.592,-0.358,-0.194,-0.164,-16.74,-9.1,-34,-166.688,-0.234,-0.746
Imperial,38.5,59.4,35.4,27.1,56.1,67.2,39.0,84.5,32.6,20.8,48.2,47.7,28.0,26.2,46.0,16.0,16.12,3.52,2.46,0.629780077,9.204767067,356.2835484,129.8985118,9.391935484,4.141935484,21.45,11,27.94526993,50.64750394,90.51432983,641.264,5.79,369.9772723,0.666825964,3.889818123,48.79409352,36.79163265,33.74970588,17.79547004,21.33394244,58.5,21.28527712,1.880349195,5655,4.1,28,9,18.51,0.052612903,9.10952362,511.058,43.37357143,0.822728215,39.00320632,50.26,26.39519441,56.43391301,46,67,74.80342526,24,0.43169608,0.290142176,0,35.17596778,0,20.57007528,9.001294361,6.426346732,9.852380163,4.428595124,,,,,Humboldt,66,-40.825,-6.938,-5.019,-6.192,-432.061,61.198,57.99,2.809,-200.897,-26.115,-14.392,-254.687,-26.724,-116.877,-30.467,-1.476,-560.189,-6.172,-8882,-0.021,-4.23,-8.95,-0.034,-7.35,0.094,0.193,-0.62,-8,-15,0.117,70,0.4,0.101,-0.314,-0.562,0.565,-0.09,-0.027,33.745,43.723,-28,-0.04,0.553,-0.752,-6.025,-1.698,-0.289,-0.267,-9.397,-9.355,-20,-541.122,-0.093,-0.798
Inyo,54.0,62.6,59.0,42.7,52.6,47.4,66.2,93.2,62.4,54.5,51.9,68.6,44.3,40.1,65.9,28.3,,,9.52,0.732802052,12.19186194,586.0166667,207.9921482,5.341666667,7.95,13.98,2,24.2513212,43.57216318,86.66666667,357.241,,240.725474,1.099203078,5.496015389,53.50701403,39.88714286,45.95571429,4.300831444,11.21718377,70.3,12.37218814,,6345,3.8,24,9,23.58,0.060833333,3.702106628,209.77,37.465,0.555227016,55.87798846,60.58,35.72410003,63.65561924,33,49,53.41577356,19,0.244022476,0.298426501,0,0,0,3.466945289,4.22832981,7.482993197,15.89569161,9.380196523,,,,,Imperial,58.5,-43.374,-5.222,-0.876,-9.205,-369.977,41.369,50.26,1.88,-35.176,-16.12,-26.395,-356.284,-18.51,-129.899,-9.392,0,-630.323,-3.52,-5655,-0.154,-4.1,-5.79,-0.053,-2.46,0.067,0.099,-0.748,-9,-23,0.09,67,0,0.044,-0.279,-0.506,0.564,-0.213,-0.151,33.75,36.792,-28,-0.093,0.488,-0.905,-9.11,-0.63,-0.432,-0.29,-17.187,-4.142,-41.8,-511.058,-0.213,-0.823
Kern,38.5,51.8,35.2,31.3,50.3,48.4,50.9,58.2,23.3,44.5,35.8,41.3,32.5,29.7,51.8,19.3,19.29,6.03,1.45,0.861077477,5.375653486,701.5868212,172.9719267,15.59072848,2.798675497,9.25,9,27.31321422,50.75068986,86.4262014,92.177,9.13,432.6174631,3.573281866,10.19637118,34.42939395,38.57041667,23.43788991,13.95077961,17.18773073,67.8,8.477000079,1.2574652,7593,4.1,32,9,24.41,0.062940397,16.49822704,457.1244218,42.59043478,0.72782605,42.19704487,49.68,21.05277532,57.19547309,47,78,81.93819816,22,0.30034856,0.26277003,1.137987855,175.2855729,20,12.79271996,8.421689802,7.242259912,10.54996713,5.236316376,,,,,Inyo,70.3,-39.403,-5.496,-1.099,-11.794,-240.726,55.878,60.58,8.27,-12.729,-10.701,-35.724,-586.017,-23.58,-207.992,-6.687,0,-357.241,-3.305,-6345,-0.035,-3.8,-6.539,-0.061,-7.35,0.075,0.159,-0.534,-9,-19,0.05,49.7,0,0.094,-0.266,-0.436,0.637,-0.112,-0.043,45.956,39.887,-24,-0.02,0.535,-0.867,-4.907,-0.733,-0.244,-0.298,-13.98,-7.95,-33,-209.77,-0.124,-0.555
Kings,37.4,51.6,37.9,26.6,50.3,55.2,55.6,46.2,32.3,26.7,56.3,42.5,35.0,19.0,35.6,21.2,17.96,4.81,2.91,0.998781487,4.864678661,553.1242308,127.1822917,21.15740741,3.042592593,8.55,8,24.17787913,46.56286722,97.96416938,139.829,9.84,457.1755791,2.796588162,20.64148406,32.38955823,43.39675,36.16967742,12.87858177,20.41912323,65.3,21.08932462,1.100490735,5967,3.8,26,7,12.53,0.061555556,16.57703704,282.2385185,44.70714286,0.721487523,34.7069908,43.51,11.65245068,51.7721788,43,45,82.69977294,22,0.408533288,0.284255745,0.665854324,381.3001799,0,11.95190127,8.26162237,8.249083133,9.269879964,3.779560121,,,,,Kern,67.8,-42.59,-10.196,-3.573,-5.376,-432.618,42.197,50.197,1.274,-175.286,-19.29,-21.053,-680.713,-24.41,-172.972,-15.591,-1.138,-142.088,-6.03,-7593,-0.128,-4.1,-9.13,-0.061,-1.45,0.072,0.105,-0.819,-9,-22,0.084,78,0.2,0.052,-0.273,-0.508,0.572,-0.172,-0.14,23.438,38.57,-28,-0.09,0.357,-0.864,-12.467,-0.861,-0.3,-0.263,-9.397,-2.799,-41.8,-457.124,-0.085,-0.728
Lake,40.8,46.9,34.9,41.4,42.0,80.9,35.3,40.3,35.3,21.1,28.0,70.9,43.3,34.8,61.0,32.0,22.84,4.71,1.93,1.040122734,8.841796019,291.0213333,97.03690181,7.97,4.266666667,11.01666667,3,32.3983412,55.75013943,98.5483871,625.634,9.8,455.5737577,5.928699587,16.22591466,44.9343832,34.84368421,15.55866667,5.889708102,13.99257804,54.6,37.20136519,,11667,4.4,26,10,40.92,0.040333333,4.711428659,156.4033333,38.85538462,0.956581423,54.14774943,51.74,27.30322178,65.94750636,37,75,69.34862314,32,0.253772979,0.20180071,7.800920509,73.84160975,20,4.635619954,5.777852815,12.05967318,9.890915362,5.449920235,,,,,Kings,65.3,-44.707,-20.641,-2.797,-4.865,-457.176,41.369,50.197,1.274,-381.3,-17.96,-11.652,-553.124,-12.53,-127.182,-21.157,-0.666,-142.088,-4.81,-5967,-0.12,-3.8,-9.84,-0.061,-2.91,0.082,0.096,-0.822,-7,-22,0.083,49.7,0,0.044,-0.266,-0.466,0.522,-0.204,-0.129,36.17,43.397,-26,-0.08,0.357,-0.905,-12.467,-0.999,-0.409,-0.284,-9.397,-3.043,-41.8,-282.238,-0.211,-0.721
Lassen,42.5,45.5,44.4,37.9,54.0,41.5,72.5,26.4,36.4,34.4,48.8,63.7,45.8,41.5,49.5,21.9,,5.84,12.68,0,7.298171514,475.4766667,125.7181525,31.88333333,9.111111111,6.266666667,1,21.38041734,42.29212083,,298.697,9.32,1129.965046,3.177629488,27.3276136,41.2371134,42.03866667,32.00470588,4.170011596,30.15162814,62.1,11.28364389,1.168033047,6416,3.7,26,8,27.6,0.050333333,5.157998563,256.6155556,40.48071429,0.855652286,45.37654909,66.32,30.18748014,65.98877238,30,54,41.4331109,53,0.250756462,0.330989778,0,479.5204795,0,2.316877562,5.242319818,9.472839176,7.853893497,4.549103559,,,,,Lake,54.6,-39.403,-16.226,-5.029,-8.842,-455.574,54.148,51.74,5.056,-73.842,-22.84,-27.303,-291.021,-26.724,-97.037,-7.97,-5.148,-625.634,-4.71,-8882,-0.046,-4.23,-9.8,-0.04,-1.93,0.111,0.099,-0.693,-10,-23,0.058,75,0.2,0.054,-0.324,-0.558,0.659,-0.14,-0.059,23.19,35.634,-26,-0.03,0.449,-0.905,-4.907,-1.04,-0.254,-0.202,-11.017,-4.267,-37,-156.403,-0.234,-0.912
Los Angeles,51.3,53.2,58.0,43.7,73.6,56.5,31.8,60.5,56.0,69.6,66.9,43.4,33.3,68.7,36.9,43.3,13.85,4.16,1.18,0.897511331,1.647795398,554.7839306,167.9003087,12.89942382,2.340418267,11.03333333,12,36.66180893,56.11257133,65.29691969,571.894,6.51,287.2392492,3.441614563,17.45545741,54.055157,48.14515217,33.92805825,12.87606859,13.26023424,76.8,3.987264834,3.843860142,4946,3.6,22,9,7.57,0.049610329,11.5130253,1299.811081,43.14659259,0.608197618,51.98467759,56.96,34.05001642,45.89599775,24,94,63.50789187,14,0.565869187,0.339364571,4.146165905,153.4201594,80,14.81997235,10.64874656,6.924188725,20.35229822,10.87899456,,,,,Lassen,62.1,-40.481,-23.528,-3.178,-7.298,-630.544,45.377,66.32,1.274,-393.226,-10.701,-30.187,-475.477,-26.724,-125.718,-30.467,0,-298.697,-5.84,-6416,-0.023,-3.7,-9.32,-0.05,-7.35,0.095,0.096,-0.414,-8,-23,0.052,54,0,0.045,-0.266,-0.428,0.66,-0.217,-0.042,32.005,42.039,-26,-0.02,0.412,-0.719,-5.158,-0.287,-0.251,-0.331,-9.397,-9.111,-30,-256.616,-0.113,-0.856
Madera,38.9,51.5,35.7,32.1,44.2,43.3,53.2,68.8,20.5,44.6,48.4,36.5,37.0,30.3,51.9,18.3,25.71,5.38,1.4,0.539583873,9.380374066,731.226087,201.1789312,10.97173913,4,15.13333333,10,29.1144724,53.12406755,58.54579792,178.71,7.69,442.5019425,2.201502202,7.252007252,33.94375409,38.88974359,27.18878788,16.81651682,23.44040521,62.7,5.974264706,1.128962704,6592,4.2,26,8,13.75,0.061,11.52258971,358.4717391,46.13181818,0.903589122,37.61072261,50.64,18.13001813,62.30824598,44,74,70.48886299,23,0.286885421,0.235284857,0,138.9500012,0,17.64879456,7.286262885,7.903554779,9.308399933,4.527763903,,,,,Los Angeles,76.8,-43.147,-17.455,-3.442,-1.688,-287.239,51.985,56.96,3.844,-153.42,-13.85,-34.05,-554.784,-9.444,-167.9,-12.899,-4.146,-571.894,-4.16,-4946,-0.148,-3.6,-6.51,-0.05,-1.18,0.069,0.204,-0.635,-9,-14,0.106,94,0.6,0.109,-0.34,-0.561,0.522,-0.133,-0.129,33.928,48.145,-22,-0.093,0.541,-0.653,-11.513,-0.898,-0.52,-0.339,-11.033,-2.34,-24,-914.334,-0.042,-0.608
Marin,68.9,68.6,72.4,65.9,67.1,76.3,45.8,94.4,74.6,75.6,83.2,58.7,69.8,92.3,55.6,52.6,11.79,2.52,1.25,1.814831003,1.705931867,262.2052727,53.28105442,11.82818182,2.626363636,17.38333333,4,33.782097,49.81091877,70.14795474,428.275,2.42,212.1051784,1.073562002,5.06107801,72.89685443,61.00142857,52.53967742,3.79262516,14.40586327,85.9,6.618373395,7.399698636,3448,3.3,18,7,11.23,0.0306,7.227004333,1019.604444,49.17407407,0.379001632,61.65121504,78.91,11.88586502,64.1855674,8,94,20.79336232,10,0.345812971,0.357230217,3.450735007,149.9794383,60,5.018224589,7.222578517,6.374604172,32.46237994,25.04776112,,,,,Madera,62.7,-46.132,-7.252,-2.202,-9.38,-442.502,41.369,50.64,1.274,-138.95,-25.71,-18.13,-680.713,-13.75,-201.179,-10.972,0,-178.71,-5.38,-6592,-0.154,-4.2,-7.69,-0.061,-1.4,0.079,0.096,-0.705,-8,-23,0.073,74,0,0.045,-0.291,-0.531,0.623,-0.217,-0.151,27.189,38.89,-26,-0.093,0.357,-0.585,-11.523,-0.54,-0.287,-0.235,-15.133,-4,-41.8,-358.472,-0.06,-0.904
Mariposa,53.8,67.4,43.7,52.7,51.8,67.3,68.9,85.6,42.4,33.7,43.5,58.8,72.2,38.7,86.7,32.0,,,0,0.18877185,6.126659414,528.0566667,80.30694444,5.8,6.8,20.725,2,26.77315079,44.59770115,81.20603015,237.853,,251.4441047,0,11.32631102,29.33333333,41.31,39.79,2.650849443,16.45454545,55.7,15.80246914,7.192150866,7339,3.8,25,10,22.04,0.0585,6.717203262,86.70666667,38.6875,0.899122619,62.15313172,61.81,5.66315551,70.7425343,24,59,85.23615358,,0.12176643,0.138029088,0,41.96391104,20,1.132112621,4.390750844,8.487111892,14.77006444,9.651435267,,,,,Marin,83.9,-49.174,-5.222,-1.074,-1.706,-232.497,61.651,68.256,7.191,-149.979,-12.59,-11.886,-262.205,-11.23,-89.359,-11.828,-3.451,-428.275,-3.184,-4476,-0.05,-3.37,-3.486,-0.034,-1.25,0.067,0.254,-0.376,-7,-10,0.072,94,0.6,0.17,-0.338,-0.498,0.642,-0.144,-0.038,47.708,53.577,-19,-0.04,0.564,-0.701,-7.227,-1.815,-0.346,-0.339,-17.187,-2.626,-13,-914.334,-0.066,-0.441
Mendocino,44.0,46.3,39.7,46.6,37.0,53.7,46.2,50.1,34.1,25.4,43.9,64.9,56.4,38.0,70.6,31.1,27.81,7.66,2.07,0.914317062,6.759361803,329.5905,78.10991071,45.715,8.14,10.41666667,5,32.92140386,52.04988532,50.20920502,1414.906,5.91,499.6742745,3.200109718,13.71475593,40.83895853,33.57576923,22.818,6.239359201,12.14264663,53.4,18.10500905,5.347269049,8000,4.1,25,8,25.95,0.03775,5.97783412,332.512,41.19962963,0.908667295,58.3574294,60.76,16.00054859,59.18319583,32,65,59.93234054,23,0.197124518,0.158107218,4.571585311,88.33922261,50,7.026035364,6.418282973,7.812170642,16.40426118,8.379679925,,,,,Mariposa,55.7,-39.403,-11.326,-0.876,-6.127,-251.444,62.153,61.81,7.191,-41.964,-28.335,-7.292,-528.057,-22.04,-89.359,-6.687,0,-237.853,-7.098,-7339,-0.011,-3.8,-8.352,-0.058,-0.741,0.085,0.148,-0.822,-10,-20.649,0.05,59,0.2,0.097,-0.268,-0.446,0.707,-0.165,-0.027,39.79,41.31,-25,-0.02,0.357,-0.812,-6.717,-0.287,-0.136,-0.138,-17.187,-6.8,-24,-122.112,-0.158,-0.899
Merced,40.5,54.0,37.6,32.8,57.0,46.4,50.6,63.8,36.3,33.8,41.5,39.3,30.7,31.4,52.6,22.7,23.43,3.81,1.48,0.224391338,7.332366734,615.2971429,149.950836,25.25306122,2.431632653,11.2,9,27.51055672,48.56654842,90.53938964,169.789,10.54,372.2652306,3.889449867,8.377276637,48.25648084,37.1475,23.47744186,19.22944265,11.79757137,65.4,14.3905552,1.214170313,6749,4.3,26,9,14.2,0.056163265,12.89163265,423.3804082,44.29055556,0.85868107,37.07879876,46.87,18.32529264,51.98773672,37,48,75.42017278,18,0.460949103,0.194713477,1.121956692,37.16136704,20,16.68627883,11.37962954,7.204174704,8.945976674,4.812789821,,,,,Mendocino,53.4,-41.2,-13.715,-3.2,-6.759,-499.674,58.357,60.76,5.347,-88.339,-26.115,-16.001,-329.591,-25.95,-89.359,-30.467,-4.572,-630.323,-6.172,-8000,-0.07,-4.1,-5.91,-0.038,-2.07,0.078,0.164,-0.599,-8,-23,0.064,65,0.5,0.084,-0.329,-0.52,0.592,-0.121,-0.062,23.19,35.634,-25,-0.05,0.408,-0.502,-5.978,-0.914,-0.197,-0.158,-10.417,-8.14,-32,-332.512,-0.181,-0.909
Modoc,40.8,39.3,35.0,49.4,42.2,46.8,73.7,16.4,24.0,29.9,30.8,68.2,43.6,50.9,83.2,32.2,,,3.92,0,11.69797728,367.275,228.484375,13.1875,13.175,,3,29.37853107,41.81078332,,299.434,,692.0261728,19.96229345,37.70655429,40.11976048,29.806,22.728,5.706363106,42.997543,41.3,8.007117438,1.553399135,10391,4.1,23,10,29.05,0.0475,4.91508382,86.5925,39.502,0.873778978,57.29178219,52.62,72.08605967,72.97965915,27,35,33.02650549,,0.113982752,0.277824854,0,0,80,3.686818632,1.082937137,11.38353765,12.5364857,4.042615295,,,,,Merced,65.4,-44.291,-8.377,-3.889,-7.332,-372.265,41.369,50.197,1.274,-37.161,-23.43,-18.325,-615.297,-14.2,-149.951,-25.253,-1.122,-169.789,-3.81,-6749,-0.154,-4.23,-10.312,-0.056,-1.48,0.072,0.096,-0.754,-9,-18,0.114,49.7,0.2,0.048,-0.275,-0.486,0.522,-0.118,-0.151,23.477,37.148,-26,-0.09,0.483,-0.905,-12.467,-0.287,-0.461,-0.195,-11.2,-2.432,-37,-423.38,-0.144,-0.859
Mono,55.7,59.2,61.4,47.6,42.5,46.5,65.1,95.4,50.4,59.6,69.6,68.2,29.7,64.5,81.6,32.8,,,9.76,0.474225826,15.06029567,451.2933333,145.5469246,13.33333333,16.36666667,,2,35.30909091,29.54862727,45,355.669,,204.865557,0,2.845354958,49.09090909,29.772,38.48666667,9.451093686,4.791154791,70,7.572815534,7.993313416,3933,3.7,23,7,,0.058333333,1.998431213,124.1033333,40.96428571,0.626003379,46.03072983,58.26,49.79371177,56.13390488,21,92,24.87551572,,0.14964524,0.051629044,0,0,25,8.234918608,5.34200839,6.799422204,23.2150227,8.326454808,,,,,Modoc,51.77,-39.502,-23.528,-5.029,-11.698,-630.544,57.292,52.62,1.553,-12.729,-30.032,-37.786,-367.275,-26.724,-208.906,-13.188,0,-299.434,-2.706,-8882,-0.037,-4.1,-11.859,-0.048,-3.92,0.111,0.125,-0.376,-10,-18.413,0.05,49.7,0.6,0.044,-0.294,-0.428,0.73,-0.217,-0.057,23.19,35.634,-23,-0.03,0.401,-0.405,-4.915,-0.287,-0.136,-0.278,-7.987,-9.431,-27,-122.112,-0.08,-0.874
Monterey,45.2,48.1,48.0,39.9,57.3,55.5,30.1,55.9,25.8,44.8,70.5,65.3,35.6,47.5,39.5,37.8,15.21,4.39,2.15,1.17737229,3.473681124,643.2176344,136.4424629,13.46021505,2.666666667,12.75,13,33.06718019,53.83946122,78.95540105,684.03,5.32,335.5280168,4.34011746,14.49783918,37.50181554,37.42632184,29.04978261,19.54086855,17.66043401,72.9,15.83699931,3.96875808,5067,3.5,25,7,11.21,0.034817204,5.233452521,444.0235484,48.01464286,0.675817721,42.89005651,56.52,19.73830015,50.71741081,38,90,75.23316588,17,0.403944242,0.247641655,1.846858494,543.7260431,40,22.65968602,10.14079736,8.005190817,14.4710484,9.45094312,,,,,Mono,70,-40.964,-5.222,-0.876,-11.794,-232.497,46.031,58.26,7.191,-12.729,-10.701,-37.786,-451.293,-24.106,-145.547,-13.333,0,-355.669,-7.071,-4476,-0.082,-3.7,-2.963,-0.058,-7.35,0.068,0.232,-0.376,-7,-22.763,0.053,92,0.25,0.083,-0.34,-0.428,0.561,-0.09,-0.095,38.487,35.634,-23,-0.02,0.491,-0.477,-4.907,-0.474,-0.15,-0.134,-17.686,-9.431,-21,-124.103,-0.076,-0.626
Napa,59.0,54.7,60.0,62.4,62.0,54.8,53.6,49.3,43.1,63.0,73.4,65.1,66.4,76.5,57.7,51.8,14.46,3.53,1.13,1.891185892,2.319240102,588.02975,118.0534028,15.72,3.11125,16.65,6,31.5694256,50.77943615,58.02968961,223.396,2.73,420.4106237,2.127584128,23.11974753,45.11930586,42.50692308,26.82,9.925043912,12.20259128,78.6,8.084358524,4.945640226,4383,3.6,23,8,9.64,0.0349,7.737373482,426.695,46.88625,0.560989893,54.48955711,67.52,4.964362966,63.1147541,18,82,55.11719443,11,0.372034036,0.297754021,1.418389419,24.70530105,40,10.36011981,8.287145414,8.741472979,22.81769536,11.75503452,,,,,Monterey,72.9,-48.015,-14.498,-4.34,-3.474,-335.528,42.89,56.52,3.969,-393.226,-15.21,-19.738,-643.218,-11.21,-136.442,-13.46,-1.847,-630.323,-4.39,-5067,-0.154,-3.5,-5.32,-0.035,-2.15,0.08,0.145,-0.752,-7,-17,0.101,90,0.4,0.095,-0.331,-0.538,0.522,-0.177,-0.151,29.05,37.426,-25,-0.093,0.375,-0.79,-5.233,-1.177,-0.404,-0.248,-12.75,-2.667,-38,-444.024,-0.158,-0.676
Nevada,60.2,58.6,53.8,69.2,35.5,65.6,56.7,89.1,68.5,33.1,64.1,57.5,73.9,65.1,80.2,59.7,20.53,4.07,4.22,1.821161901,6.772804953,360.354,149.7687572,10.655,4.5175,11.03333333,2,35.98665555,51.43598117,60.12534273,206.398,3.8,248.0827212,1.821161901,1.618810579,48.66071429,48.81296296,46.24571429,1.94635525,10.69104431,68.6,28.45268542,4.018656792,5914,3.6,21,9,20.32,0.0537,6.140948017,319.369,43.845,0.767560319,69.63819584,73.34,14.67047087,74.22126479,14,62,61.83856412,14,0.090894098,0.157110243,1.011756612,104.1201844,20,1.632368329,6.202209006,10.76227804,22.84167866,12.98458913,,,,,Napa,78.6,-46.886,-23.12,-2.128,-2.319,-420.411,54.49,67.52,4.946,-24.705,-14.46,-7.292,-588.03,-9.64,-118.053,-15.72,-1.418,-223.396,-3.53,-4476,-0.104,-3.6,-3.486,-0.035,-1.13,0.087,0.228,-0.551,-8,-11,0.083,82,0.4,0.118,-0.316,-0.508,0.631,-0.122,-0.099,26.82,42.507,-23,-0.06,0.451,-0.58,-7.737,-1.842,-0.372,-0.298,-16.65,-3.111,-18,-426.695,-0.081,-0.561
Orange,64.4,68.9,65.1,59.6,79.4,71.8,48.4,81.5,73.2,70.2,77.2,45.3,52.0,81.9,50.3,58.8,13.82,3.16,1.17,0.695013059,0.891139214,362.7203952,146.8529984,8.640034364,2.245618557,12.85,9,33.04777326,54.98103912,44.82563771,151.847,6.23,286.7277433,1.425938648,10.10832064,52.20567575,54.81973872,47.74115646,8.533607735,10.0970703,86.2,6.123515794,3.717219889,4094,3.3,19,8,11.31,0.046764605,10.4535206,1274.480311,49.83059524,0.43123999,48.66224774,61.69,11.28075908,57.42095425,17,97,58.24306614,11,0.463969489,0.311896608,1.109063393,74.09655763,40,11.67780646,10.96329414,7.807207533,25.21389128,13.85994847,,,,,Nevada,68.6,-43.845,-5.222,-1.821,-6.773,-248.083,62.391,68.256,4.019,-104.12,-20.53,-14.67,-360.354,-20.32,-149.769,-10.655,-1.012,-206.398,-4.07,-5914,-0.016,-3.6,-3.8,-0.054,-4.22,0.108,0.228,-0.618,-9,-14,0.062,62,0.2,0.13,-0.34,-0.514,0.734,-0.107,-0.023,46.246,48.813,-21,-0.02,0.487,-0.601,-6.141,-1.821,-0.136,-0.157,-11.033,-4.518,-14,-319.369,-0.234,-0.768
Placer,67.8,68.2,64.4,70.8,57.5,63.9,65.7,89.7,79.9,52.8,76.8,53.2,75.6,85.8,58.3,66.3,13.95,3.79,2.63,1.440057602,3.024821566,226.0089286,190.4877406,11.32202381,2.238690476,15.45,2,30.65825803,49.09554329,57.64310694,206.408,3.74,280.5978906,0.746696535,6.613597877,56.17753835,57.47293478,54.07381818,2.167544727,9.915582618,79,13.41439876,3.466631999,4741,3.4,21,8,11.04,0.052392857,7.625043525,577.3931707,48.45357143,0.514428835,60.33548009,72.15,4.26683734,70.83585924,10,78,38.81808606,10,0.213352915,0.243800508,5.066869341,177.8916284,20,2.120905618,8.190458106,11.31279668,25.00440948,12.4841834,,,,,Orange,83.9,-49.383,-10.108,-1.426,-1.688,-286.728,48.662,61.69,3.717,-74.097,-13.82,-11.281,-362.72,-11.31,-146.853,-8.64,-1.109,-151.847,-3.184,-4476,-0.117,-3.37,-6.23,-0.047,-1.17,0.078,0.252,-0.582,-8,-11,0.11,97,0.4,0.139,-0.33,-0.55,0.574,-0.101,-0.085,47.708,53.577,-19,-0.09,0.522,-0.477,-10.454,-0.695,-0.464,-0.312,-12.85,-2.246,-17,-914.334,-0.061,-0.441
Plumas,54.5,60.2,43.0,62.7,66.0,44.2,67.4,66.7,37.6,36.4,40.1,62.3,54.4,80.4,80.4,44.0,,,0,0.534073916,2.336625154,498.7485714,178.4269844,10.85714286,9.607142857,15.24,1,29.40492021,51.43108763,35.0877193,299.081,,206.1525315,4.272591327,12.81777398,42.07048458,37.73857143,27.44428571,1.533149171,16.04414261,44,6.319702602,3.127590258,9549,3.9,23,10,34.16,0.052,7.217155581,158.14,39.75666667,0.817363708,64.00875881,62.57,50.737022,72.59563171,22,98,48.47788934,,0.111046288,0.13378805,5.340739158,0,40,0.60919328,6.404001729,12.09254144,12.47237569,10.11740331,,,,,Placer,79,-48.454,-6.614,-0.876,-3.025,-280.598,60.335,68.256,3.467,-177.892,-13.95,-7.292,-254.687,-11.04,-190.488,-11.322,-5.067,-206.408,-3.79,-4741,-0.021,-3.4,-3.74,-0.052,-2.63,0.111,0.25,-0.388,-8,-10,0.082,78,0.2,0.125,-0.307,-0.491,0.708,-0.099,-0.023,47.708,53.577,-21,-0.02,0.562,-0.576,-7.625,-1.44,-0.213,-0.244,-15.45,-2.239,-13,-577.393,-0.134,-0.514
Riverside,50.6,61.2,47.4,44.6,69.7,64.4,37.2,84.0,36.4,67.0,53.8,38.4,49.1,56.9,43.0,33.0,15.38,4.44,0.6,0.679404943,6.848193267,737.181792,166.4483856,4.071854305,1.476821192,9,7,34.35482337,56.35665392,82.37301828,102.166,10.2,282.3352167,2.242036312,5.290865995,36.24618453,44.3896519,25.619375,9.258612578,13.60621077,76.2,2.562121274,2.781914835,5587,3.6,26,9,14.55,0.062536424,10.16464141,711.3392478,45.65914286,0.714035579,43.27512248,53.49,6.963900668,65.02352035,25,88,75.38592324,17,0.457286996,0.284572108,1.146495842,168.4273646,0,9.743369033,9.473716068,7.963677028,13.68369212,7.837588918,,,,,Plumas,51.77,-39.757,-12.818,-4.273,-2.337,-232.497,62.391,62.57,3.128,-12.729,-19.87,-37.786,-498.749,-26.724,-178.427,-10.857,-5.148,-299.081,-7.098,-8882,-0.011,-3.9,-6.492,-0.052,-0.741,0.111,0.125,-0.485,-10,-11.44,0.064,97,0.4,0.101,-0.294,-0.514,0.726,-0.16,-0.023,27.444,37.739,-23,-0.02,0.421,-0.477,-7.217,-0.534,-0.136,-0.134,-15.24,-9.431,-22,-158.14,-0.063,-0.817
Sacramento,53.1,60.1,53.0,46.9,53.1,58.8,54.3,76.9,46.8,66.6,52.1,48.8,33.5,65.4,41.9,52.5,17.28,4.84,1.85,1.13681958,4.422630799,403.6774132,135.3410743,26.00425868,1.288328076,9.983333333,5,28.52178978,52.1885849,73.88756575,245.085,5.6,291.467166,3.263340912,5.911461816,44.1693621,43.71834008,30.08218487,6.607541696,12.74578345,80.3,5.344289827,2.596112077,6240,3.8,28,9,15.3,0.049823344,9.229521724,866.9681962,44.1706,0.568217018,51.68282734,58.21,42.59729838,55.49779156,24,91,60.21057911,16,0.507128119,0.355856277,1.6717935,269.0744036,40,7.26611716,9.854239617,9.736246418,19.72645918,10.14580479,,,,,Riverside,76.2,-45.659,-5.291,-2.242,-6.848,-282.335,43.275,53.49,2.782,-168.427,-15.38,-7.292,-680.713,-14.55,-166.448,-6.687,-1.146,-142.088,-4.44,-5587,-0.097,-3.6,-10.2,-0.061,-0.741,0.08,0.137,-0.754,-9,-17,0.095,88,0,0.078,-0.34,-0.562,0.65,-0.136,-0.093,25.619,44.39,-26,-0.07,0.362,-0.824,-10.165,-0.679,-0.457,-0.285,-9.397,-1.477,-25,-711.339,-0.042,-0.714
San Benito,52.8,51.6,53.0,53.8,60.4,47.2,35.8,69.8,48.6,40.0,65.6,61.8,57.7,65.9,63.4,34.7,20.04,4.27,1.01,1.136279707,3.129928639,652.5690909,155.2624628,13.55454545,3.881818182,18.5,8,33.10816896,46.97806533,83.95341313,681.768,14.66,272.0253618,1.70441956,18.40773125,37.05153294,46.19157895,44.1275,13.75645796,11.94371152,72.6,16.00529101,1.734451433,4752,3.5,23,8,9.84,0.040545455,5.001670084,405.6090909,50.38,0.679518462,48.10553766,66.33,12.7831467,63.66399083,21,85,63.93618653,15,0.192439418,0.124040852,1.70441956,349.1573222,40,10.37010401,9.704062064,9.10940386,13.33083492,5.862355114,,,,,Sacramento,80.3,-44.171,-5.911,-3.263,-4.423,-291.467,51.683,58.21,2.596,-269.074,-17.28,-37.786,-403.677,-15.3,-135.341,-26.004,-1.672,-245.085,-4.84,-6240,-0.073,-3.8,-5.6,-0.05,-1.85,0.097,0.197,-0.602,-9,-16,0.099,91,0.4,0.101,-0.285,-0.522,0.555,-0.127,-0.066,30.082,43.718,-28,-0.05,0.442,-0.739,-9.23,-1.137,-0.507,-0.339,-9.983,-1.445,-24,-866.968,-0.053,-0.568
San Bernardino,47.0,55.3,44.7,42.0,61.4,69.4,38.6,57.0,35.4,63.8,48.8,36.2,39.8,47.8,50.9,32.2,19.57,6.03,0.71,0.392855684,8.004312443,662.5952044,119.6846269,5.832655827,2.347560976,11.06666667,9,32.70769422,55.54061334,80.41736803,87.968,9.13,393.3962531,3.799700173,12.4550966,37.37037094,42.27207547,26.24828025,9.317991804,13.96291188,74.4,4.320435398,2.338452871,6562,3.9,27,9,6.09,0.064260163,11.04834109,802.7570572,43.66240964,0.746512481,41.86359736,51.42,12.49281074,59.22131608,31,84,74.2666013,19,0.449625985,0.285790828,1.791421918,139.8471524,40,9.296367075,10.01989957,8.224789804,12.83113201,6.941227353,,,,,San Benito,72.6,-49.383,-18.408,-1.704,-3.13,-272.025,48.106,66.33,1.734,-349.157,-20.04,-12.783,-652.569,-9.84,-155.262,-13.555,-1.704,-630.323,-4.27,-4752,-0.104,-3.5,-10.312,-0.041,-1.01,0.091,0.133,-0.639,-8,-15,0.097,85,0.4,0.059,-0.331,-0.47,0.637,-0.119,-0.138,44.127,46.192,-23,-0.08,0.371,-0.84,-5.002,-1.136,-0.192,-0.134,-17.187,-3.882,-21,-405.609,-0.16,-0.68
San Diego,59.9,58.8,64.5,56.8,58.7,61.0,41.7,80.1,66.2,71.4,74.9,49.0,53.0,73.7,44.7,59.4,12.69,3.9,1.35,3.228100309,3.074440164,303.6108612,179.0785486,15.10287081,1.679984051,14.83333333,7,33.44869845,54.21043064,68.42449685,278.957,4.73,285.6320605,2.119582844,8.429605334,50.96250332,52.92544177,36.66686747,6.8955802,10.11760173,83.9,6.502549675,4.826368098,4658,3.7,20,7,12.56,0.042676236,10.61353349,1065.619136,45.33273684,0.523615147,50.32699743,61.45,7.293679471,52.99301365,22,93,61.85119371,12,0.374182726,0.293436686,2.893108767,249.6607635,20,7.645871851,11.12687546,8.332055101,23.00740313,14.35705687,,,,,San Bernardino,74.4,-43.662,-12.455,-3.8,-8.004,-393.396,41.864,51.42,2.338,-139.847,-19.57,-12.493,-662.595,-9.444,-119.685,-6.687,-1.791,-142.088,-6.03,-6562,-0.093,-3.9,-9.13,-0.061,-0.741,0.082,0.128,-0.743,-9,-19,0.1,84,0.4,0.069,-0.327,-0.555,0.592,-0.14,-0.093,26.248,42.272,-27,-0.09,0.374,-0.804,-11.048,-0.393,-0.45,-0.286,-11.067,-2.348,-31,-802.757,-0.043,-0.747
San Francisco,62.5,61.9,72.5,54.4,77.7,66.2,54.8,52.1,74.5,69.5,77.9,68.5,41.4,90.0,40.8,57.8,11.8,2.83,1.48,0.771370135,0.321952681,183.1391795,176.2148611,11.52538462,0.977179487,16.93333333,6,30.99946193,38.77756046,54.65378087,793.508,3.19,426.397983,3.401742294,15.66652743,69.93856366,49.72858974,47.68535714,7.555843144,5.395711023,78.4,6.866504008,7.185920258,4569,3.2,18,8,17.38,0.03,8.568965422,786.537641,37.74961538,0.295215264,59.32488143,64.07,50.04263748,37.29722498,10,100,48.0663872,9,0.60942302,0.346265402,5.438159449,18.89644747,36.36363636,9.250605313,10.21103147,5.312455166,33.42156194,22.36536598,,,,,San Diego,83.9,-45.333,-8.43,-2.12,-3.074,-285.632,50.327,61.45,4.826,-249.661,-12.69,-7.294,-303.611,-12.56,-179.079,-15.103,-2.893,-278.957,-3.9,-4658,-0.076,-3.7,-4.73,-0.043,-1.35,0.083,0.23,-0.619,-7,-12,0.111,93,0.2,0.144,-0.334,-0.542,0.53,-0.101,-0.069,36.667,52.925,-20,-0.07,0.51,-0.684,-10.614,-1.842,-0.374,-0.293,-14.833,-1.68,-22,-914.334,-0.065,-0.524
San Joaquin,43.6,51.2,41.6,39.1,52.9,38.4,45.4,74.2,31.2,59.5,40.4,39.9,43.6,48.4,34.7,31.8,21.12,5.69,1.59,0.579987931,4.769405559,584.8018705,174.1784296,29.80719424,2.620143885,14.66666667,7,29.26708035,52.80093667,89.43149116,212.938,8.05,326.0360725,3.314216747,5.717023889,40.20411724,38.59590643,27.36316901,11.51828629,16.37827017,73.8,4.838109416,1.416780708,7156,4,28,11,16.51,0.048215827,12.3078713,760.8611511,46.39285714,0.699690876,46.1577871,52.09,9.114096054,55.73259222,29,73,69.72573475,18,0.500592872,0.276499528,1.519016009,2589.393947,20,10.85646459,8.258556142,9.302506116,12.30478844,5.772562032,,,,,San Francisco,78.4,-39.403,-15.667,-3.402,-1.688,-426.398,59.325,64.07,7.186,-18.896,-12.59,-37.786,-254.687,-17.38,-176.215,-11.525,-5.148,-630.323,-3.184,-4569,-0.093,-3.37,-3.486,-0.034,-1.48,0.067,0.254,-0.481,-8,-10,0.102,97,0.364,0.17,-0.31,-0.428,0.522,-0.09,-0.076,47.685,49.729,-19,-0.06,0.564,-0.547,-8.569,-0.771,-0.52,-0.339,-16.933,-1.445,-13,-786.538,-0.069,-0.441
San Luis Obispo,63.6,60.0,64.3,66.5,61.2,47.5,57.1,78.3,67.5,58.0,66.4,65.8,54.3,84.7,66.6,63.9,17.9,4.83,0.87,1.059073703,4.453968351,494.5258491,219.4419794,14.55566038,3.166981132,14.11666667,3,32.30190953,51.02162317,38.9902194,401.615,4.16,361.1322331,1.070973408,9.495964215,46.46085622,52.44686275,40.91222222,4.290565814,6.282433984,76.4,8.222116301,3.575169839,5326,3.7,23,8,15.14,0.037679245,7.635344899,478.9388679,43.7785,0.565414726,60.06625755,67.17,29.09477758,60.02437074,13,90,56.10436993,7,0.200428981,0.234775995,3.212920223,143.3391404,40,4.381306277,15.55021612,10.10532661,21.15089638,12.85124567,,,,,San Joaquin,73.8,-46.393,-5.717,-3.314,-4.769,-326.036,46.158,52.09,1.417,-393.226,-21.12,-9.114,-584.802,-16.51,-174.178,-29.807,-1.519,-212.938,-5.69,-7156,-0.109,-4,-8.05,-0.048,-1.59,0.093,0.123,-0.697,-10,-18,0.083,73,0.2,0.058,-0.293,-0.528,0.557,-0.164,-0.115,27.363,38.596,-28,-0.07,0.402,-0.894,-12.308,-0.58,-0.501,-0.276,-14.667,-2.62,-29,-760.861,-0.048,-0.7
San Mateo,65.9,65.8,72.6,59.9,74.3,59.2,52.6,80.6,77.8,82.1,78.7,55.3,55.1,90.9,44.2,58.1,11,2.94,1.41,1.100268518,1.099805069,377.8149677,81.58314767,32.63503185,1.236942675,17.25,8,31.28005115,47.66215037,67.19388982,164.123,3.22,303.5693235,1.021677909,11.34324448,66.17799335,56.8605303,50.15097222,6.641669851,9.743319269,86.2,4.336116348,6.922281747,3552,2.9,19,9,7.64,0.031847134,9.026345646,898.8070064,53.705,0.29628565,51.86037069,64.17,14.9322156,59.74117252,13,96,44.19791735,10,0.568249178,0.353297755,1.833780863,267.2197494,75,8.10898649,8.829569116,7.263528409,28.20353605,20.33229476,,,,,San Luis Obispo,76.4,-43.779,-9.496,-1.071,-4.454,-361.132,60.066,67.17,3.575,-143.339,-17.9,-29.095,-494.526,-15.14,-208.906,-14.556,-3.213,-401.615,-4.83,-5326,-0.044,-3.7,-4.16,-0.038,-0.87,0.101,0.212,-0.561,-8,-10,0.117,90,0.4,0.129,-0.323,-0.51,0.6,-0.09,-0.043,40.912,52.447,-23,-0.03,0.465,-0.477,-7.635,-1.059,-0.2,-0.235,-14.117,-3.167,-13,-478.939,-0.082,-0.565
Santa Barbara,58.0,50.2,67.6,57.4,65.8,38.7,39.2,63.7,55.7,71.8,76.6,68.2,43.1,75.9,63.4,52.3,14.76,4.31,1.46,0.835221988,3.129454862,388.7592045,271.8375141,41.46292135,3.53988764,14.81666667,10,31.36320178,54.99876286,69.57749044,419.868,3.51,342.7118981,2.257356726,16.56899837,44.32263117,48.65659341,39.16571429,12.44675938,10.18168482,78.6,2.842137782,4.038842337,4855,3.5,21,7,14.58,0.038483146,4.889205247,512.4126136,46.03130435,0.566261522,50.33521747,62.83,23.70224562,52.29177516,25,97,62.50304743,8,0.295073737,0.20757039,1.580149708,130.3794142,60,13.685918,15.79884599,7.708069116,19.80477828,13.46428755,,,,,San Mateo,83.9,-49.383,-11.343,-1.022,-1.688,-303.569,51.86,64.17,6.922,-267.22,-12.59,-14.932,-377.815,-9.444,-89.359,-30.467,-1.834,-164.123,-3.184,-4476,-0.081,-3.37,-3.486,-0.034,-1.41,0.073,0.254,-0.442,-9,-10,0.088,96,0.6,0.17,-0.313,-0.477,0.597,-0.097,-0.066,47.708,53.577,-19,-0.08,0.564,-0.672,-9.026,-1.1,-0.52,-0.339,-17.187,-1.445,-13,-898.807,-0.043,-0.441
Santa Clara,62.5,64.7,69.7,54.2,73.5,50.2,53.7,88.1,77.7,76.3,77.8,51.2,43.3,85.8,39.4,58.8,11.39,3.27,1.46,1.121444211,0.992586698,439.6351613,165.8514485,23.29986559,1.564650538,16.48333333,8,29.47551161,45.81257571,66.03610035,386.872,5.42,242.9330702,1.737104874,6.56123347,56.96608895,57.91126316,51.19190476,7.003997336,9.484440204,84.3,6.321564885,7.280580633,3622,2.9,20,8,7.09,0.036712366,10.14593713,950.5645699,52.92418182,0.350977676,45.79134022,60.73,19.98717054,56.92179091,15,93,51.59285192,10,0.617784517,0.349073487,2.98237885,98.22599535,20,9.33447658,10.46959389,6.841174007,26.84051783,23.1815709,,,,,Santa Barbara,78.6,-46.031,-16.569,-2.257,-3.129,-342.712,50.335,62.83,4.039,-130.379,-14.76,-23.702,-388.759,-14.58,-208.906,-30.467,-1.58,-419.868,-4.31,-4855,-0.137,-3.5,-3.51,-0.038,-1.46,0.077,0.198,-0.625,-7,-10,0.117,97,0.6,0.135,-0.314,-0.55,0.523,-0.102,-0.124,39.166,48.657,-21,-0.093,0.443,-0.696,-4.907,-0.835,-0.295,-0.208,-14.817,-3.54,-25,-512.413,-0.042,-0.566
Santa Cruz,57.9,50.3,62.2,62.0,45.9,63.7,32.2,68.4,55.2,71.0,65.9,57.9,59.9,82.2,44.5,67.6,18.31,4.28,2.18,3.061763454,3.801765258,423.5286538,89.54389945,23.03365385,1.999038462,13.41666667,7,33.85738349,58.80033209,69.18044077,823.017,5.93,435.7706678,1.536980857,10.61248687,41.39650873,48.7945098,36.04466667,8.727839799,8.978178207,77.9,5.238095238,6.019607484,5108,3.9,18,8,17.23,0.036423077,8.117092905,591.7111538,49.19117647,0.580427939,57.52187453,69.46,18.48036507,59.65499916,17,94,58.89088534,8,0.311860356,0.338478821,4.391373878,28.83090673,0,8.907354844,16.02385721,9.093775158,23.62872761,16.12142298,,,,,Santa Clara,83.9,-49.383,-6.561,-1.737,-1.688,-242.933,45.791,60.73,7.191,-98.226,-12.59,-19.987,-439.635,-9.444,-165.851,-23.3,-2.982,-386.872,-3.27,-4476,-0.093,-3.37,-5.42,-0.037,-1.46,0.068,0.254,-0.516,-8,-10,0.105,93,0.2,0.17,-0.295,-0.458,0.569,-0.095,-0.07,47.708,53.577,-20,-0.08,0.564,-0.66,-10.146,-1.121,-0.52,-0.339,-16.483,-1.565,-15,-914.334,-0.063,-0.441
Shasta,49.7,41.4,52.6,56.3,44.9,63.6,44.8,23.0,67.8,45.5,39.1,63.6,61.0,55.4,67.8,44.0,21.83,4.83,1.76,0.912889818,8.777489539,371.306875,189.2675391,9.038541667,2.796875,12.7,3,31.15999546,55.57197529,87.64335923,299.018,10.32,637.383397,3.800602507,24.48035144,48.19139194,50.18896552,43.60666667,2.633240869,10.53190783,66.8,15.23198132,7.244205478,8811,4.1,24,8,21.27,0.04325,5.934468084,317.1804167,43.07962963,0.803617912,57.00903761,61.48,11.17824267,62.55852226,28,78,66.2718884,16,0.161193476,0.215856912,8.383682001,51.87394631,20,1.501555623,7.930654401,11.45547713,13.98559472,7.370516336,,,,,Santa Cruz,77.9,-49.191,-10.612,-1.537,-3.802,-435.771,57.522,68.256,6.02,-28.831,-18.31,-18.48,-423.529,-17.23,-89.544,-23.034,-4.391,-630.323,-4.28,-5108,-0.089,-3.9,-5.93,-0.036,-2.18,0.091,0.236,-0.589,-8,-10,0.117,94,0,0.161,-0.339,-0.562,0.597,-0.09,-0.087,36.045,48.795,-19,-0.07,0.414,-0.692,-8.117,-1.842,-0.312,-0.338,-13.417,-1.999,-17,-591.711,-0.052,-0.58
Siskiyou,43.3,39.3,40.6,50.9,28.4,40.4,52.0,40.0,41.1,28.3,35.8,65.3,54.3,48.0,65.1,39.6,22.26,5.21,8.33,1.30178421,10.26473704,352.8064286,231.6915337,17.98928571,8.892857143,13.1,3,28.40972947,52.3243408,95.23809524,298.645,6.62,627.6131404,5.053985757,6.432345509,38.13131313,40.51521739,31.749,3.178052852,13.99190829,47.1,19.25,,9534,4.2,24,10,23.64,0.043714286,5.930339937,167.095,40.70090909,0.954648563,63.44819665,61.11,29.86446129,65.50110422,30,74,59.53595222,20,0.178724279,0.20778764,0,421.0526316,20,2.241695537,5.453593474,10.71844783,15.04614319,7.644335255,,,,,Shasta,66.8,-43.08,-23.528,-3.801,-8.777,-630.544,57.009,61.48,7.191,-51.874,-21.83,-11.178,-371.307,-21.27,-189.268,-9.039,-5.148,-299.018,-4.83,-8811,-0.015,-4.1,-10.312,-0.043,-1.76,0.111,0.14,-0.663,-8,-16,0.079,78,0.2,0.074,-0.312,-0.556,0.626,-0.105,-0.026,43.607,50.189,-24,-0.03,0.482,-0.876,-5.934,-0.913,-0.161,-0.216,-12.7,-2.797,-28,-317.18,-0.152,-0.804
Solano,55.2,56.7,54.4,54.5,54.2,54.1,56.9,62.1,44.7,63.5,53.7,57.5,53.5,67.8,53.2,45.8,19.37,5.92,1.91,0.682022127,3.382464959,285.8852083,211.0396416,20.72447917,1.278645833,13.03333333,5,28.9892624,53.23294501,57.41239892,283.231,5.01,335.6928234,3.586363542,12.92010456,42.82851168,42.03742424,29.43411765,5.93160633,12.34975888,83.4,9.348659004,3.765787471,6347,3.6,30,10,12.6,0.038416667,7.890149691,714.8592553,48.08142857,0.532675469,51.71030459,58.99,11.60970249,59.97950486,21,93,67.34707953,15,0.532467452,0.288790112,2.06905589,83.94763766,40,5.278130908,8.760428407,9.988754607,17.85748157,7.707836549,,,,,Sierra,54.7,-40.954,-5.222,-0.876,-11.794,-232.497,62.391,68.256,2.477,-222.717,-10.701,-17.331,-630.21,-9.532,-177.83,-12,0,-277.296,-7.098,-7524.876,-0.011,-3.8,-2.963,-0.053,-7.14,0.109,0.149,-0.822,-10,-16.412,0.05,70,0,0.065,-0.281,-0.562,0.734,-0.217,-0.023,44.447,44.22,-22,-0.02,0.407,-0.462,-7.44,-0.287,-0.116,-0.141,-19.765,-9.431,-25,-122.112,-0.234,-0.826
Sonoma,60.8,58.1,66.0,58.7,79.5,55.7,42.8,60.2,58.5,68.3,72.5,65.4,53.0,79.0,50.7,56.1,13.63,3.2,0.72,0.758569338,4.014133044,481.5990909,95.60983398,29.50606061,2.788383838,12.25,5,31.88171855,53.08283632,68.08384652,565.933,3.39,351.5769259,1.956310399,19.8026522,48.34578442,50.57677966,32.75790323,6.324461094,11.76820616,78.6,5.247860488,4.21957588,4720,3.8,20,8,11.85,0.031676768,6.523975978,615.9911111,44.87583333,0.60552269,54.5834556,67.74,25.95105631,60.30159215,15,89,57.74609087,12,0.310313332,0.280443271,3.193976161,522.7773893,60,6.611342342,9.120850125,9.452495476,21.67614684,12.17158313,,,,,Siskiyou,51.77,-40.701,-6.432,-5.029,-10.265,-627.613,62.391,61.11,8.27,-393.226,-22.26,-29.864,-352.806,-23.64,-208.906,-17.989,0,-298.645,-5.21,-8882,-0.022,-4.2,-6.62,-0.044,-7.35,0.107,0.15,-0.595,-10,-20,0.055,74,0.2,0.076,-0.284,-0.523,0.655,-0.14,-0.032,31.749,40.515,-24,-0.03,0.381,-0.905,-5.93,-1.302,-0.179,-0.208,-13.1,-8.893,-30,-167.095,-0.192,-0.912
Stanislaus,44.6,50.1,45.0,39.4,57.3,53.4,44.1,46.6,41.4,57.6,46.5,37.1,38.5,46.0,59.2,23.1,20.31,5.07,1.56,0.460470476,4.856083706,854.0345745,136.6480723,13.14787234,2.863829787,13.63333333,7,28.92320278,52.56344004,90.83449883,310.071,7.02,516.946558,4.405582396,10.52859522,42.49016872,41.77287879,29.60014085,12.18735681,11.67602276,73.5,7.705532979,4.364054181,7148,3.9,30,9,14.52,0.053946809,12.83851064,631.0397872,47.09956522,0.73271646,45.01609158,52.55,17.54765869,57.07898485,32,88,84.41767908,19,0.284784423,0.200527204,2.613481082,52.37976608,20,11.76921531,8.771586647,7.637033378,11.34769077,5.37481478,,,,,Solano,83.4,-48.081,-12.92,-3.586,-3.382,-335.693,51.71,58.99,3.766,-83.948,-19.37,-11.61,-285.885,-12.6,-208.906,-20.724,-2.069,-283.231,-5.92,-6347,-0.053,-3.6,-5.01,-0.038,-1.91,0.1,0.179,-0.673,-10,-15,0.088,93,0.4,0.077,-0.29,-0.532,0.6,-0.123,-0.059,29.434,42.037,-28,-0.05,0.428,-0.574,-7.89,-0.682,-0.52,-0.289,-13.033,-1.445,-21,-714.859,-0.093,-0.533
Sutter,48.4,53.9,48.1,43.9,52.8,45.8,49.3,70.8,38.6,48.0,52.0,55.4,49.3,39.0,50.4,38.2,15.99,5.36,2.11,0.313863344,10.82253992,697.2295238,191.7390625,15.71904762,1.447619048,12.58333333,7,25.84300267,49.95300412,86.5439543,446.732,7.09,438.7809548,2.301664522,5.64954019,40.94165814,45.355,36.00121212,12.26363165,19.88499137,71.5,14.10948342,5.335708233,6684,3.7,30,9,10.98,0.04847619,8.578178161,312.4714286,46.84111111,0.680315735,47.775232,56.65,8.369689171,57.0305704,26,26,73.80182668,19,0.336778751,0.210937617,1.046211146,194.9386829,0,11.77220118,7.838963195,11.0575055,11.97707551,5.535228597,,,,,Sonoma,78.6,-44.876,-19.803,-1.956,-4.014,-351.577,54.583,67.74,4.22,-393.226,-13.63,-25.951,-481.599,-11.85,-95.61,-29.506,-3.194,-565.933,-3.2,-4720,-0.066,-3.8,-3.486,-0.034,-0.741,0.095,0.217,-0.577,-8,-12,0.091,89,0.6,0.122,-0.319,-0.531,0.603,-0.118,-0.063,32.758,50.577,-20,-0.05,0.483,-0.681,-6.524,-0.759,-0.31,-0.28,-12.25,-2.788,-15,-615.991,-0.052,-0.606
Tehama,34.3,34.4,32.7,35.9,44.1,41.3,47.0,16.4,45.1,11.6,36.4,60.0,56.8,26.7,74.6,14.8,24.18,4.26,2.42,0.632441064,9.892913873,644.0527273,165.6194151,15.77272727,5.254545455,19.05,5,32.5279277,55.81126254,66.17826618,196.057,12.77,654.8927222,6.640631176,29.40850949,59.17159763,34.21666667,32.36541667,7.041959502,17.27581386,51.7,40.38329911,1.544231347,7582,4.3,27,11,11.17,0.049727273,7.262185689,209.3854545,39.46833333,0.975351053,51.47279713,56.09,9.486615966,67.19804318,35,53,73.76160134,23,0.150090929,0.130899219,3.162205322,65.06180872,20,4.987366802,5.637970488,7.730846844,9.74648018,4.622735602,,,,,Stanislaus,73.5,-47.1,-10.529,-4.406,-4.856,-516.947,45.016,52.55,4.364,-52.38,-20.31,-17.548,-680.713,-14.52,-136.648,-13.148,-2.613,-310.071,-5.07,-7148,-0.118,-3.9,-7.02,-0.054,-1.56,0.076,0.113,-0.822,-9,-19,0.088,88,0.2,0.054,-0.289,-0.526,0.571,-0.117,-0.122,29.6,41.773,-28,-0.07,0.425,-0.905,-12.467,-0.46,-0.285,-0.201,-13.633,-2.864,-32,-631.04,-0.077,-0.733
Trinity,39.1,31.5,37.0,51.4,22.1,41.7,62.5,17.1,48.8,13.0,42.4,69.9,58.8,58.9,87.1,23.1,,,7.84,2.556825446,7.41084342,225.394,176.8831748,29.23,8.9,12.26666667,3,29.53698776,60.79812207,,276.137,,1061.593925,13.80685741,23.01142901,51.23674912,36.16111111,50.85142857,2.525252525,27.19072165,24.3,29.74683544,2.283884329,10405,4.4,24,10,17.31,0.0396,5.729893924,65.942,36.78416667,0.957987343,61.96977832,52.34,15.34095267,68.8026364,31,89,29.79213009,,0.148964179,0.170530824,0,57.07762557,40,1.060445387,3.623828885,8.338284809,15.40899188,4.060209943,,,,,Sutter,71.5,-46.841,-5.65,-2.302,-10.823,-438.781,47.775,56.65,5.336,-194.939,-15.99,-8.37,-680.713,-10.98,-191.739,-15.719,-1.046,-446.732,-5.36,-6684,-0.118,-3.7,-7.09,-0.048,-2.11,0.111,0.12,-0.738,-9,-19,0.078,49.7,0,0.055,-0.266,-0.5,0.57,-0.199,-0.123,36.001,45.355,-28,-0.07,0.409,-0.865,-8.578,-0.314,-0.337,-0.211,-12.583,-1.448,-26,-312.471,-0.141,-0.68
Tulare,35.2,43.7,31.2,32.0,47.4,48.4,41.6,38.3,21.3,21.6,51.5,39.9,38.6,25.7,63.1,16.8,17.87,6.08,1.49,0.893618041,7.987467297,673.635,156.7324474,15.24487179,3.053205128,13.4,10,31.2023692,52.06780578,88.41962798,139.928,7.47,433.2085901,11.42087448,18.96213893,32.62644657,36.83248227,25.26432692,19.66524371,18.05555556,59.7,20.82750909,1.388460122,7225,4,33,7,9.31,0.062012821,15.9375641,375.9994805,42.2721875,0.846538035,33.56516546,44.5,9.699025085,56.21781211,46,59,92.93257107,20,0.226638119,0.134081419,0.21795562,87.33812023,0,18.77400828,7.918887047,7.251427328,9.284947971,4.553570759,,,,,Tehama,51.77,-39.468,-23.528,-5.029,-9.893,-630.544,51.473,56.09,1.544,-65.062,-24.18,-9.487,-644.053,-11.17,-165.619,-15.773,-3.162,-196.057,-4.26,-7582,-0.05,-4.23,-10.312,-0.05,-2.42,0.077,0.097,-0.738,-10,-23,0.056,53,0.2,0.046,-0.325,-0.558,0.672,-0.173,-0.07,32.365,35.634,-27,-0.05,0.564,-0.662,-7.262,-0.632,-0.15,-0.134,-17.187,-5.255,-35,-209.386,-0.234,-0.912
Tuolumne,47.3,49.0,40.9,52.8,44.5,49.3,56.4,46.6,42.1,21.4,53.3,58.3,54.0,61.5,73.8,31.7,,7.19,1.46,0.989505062,10.21292284,586.107,116.7712164,19.84090909,7.095454545,8.516666667,3,30.46965972,49.08209722,76.18181818,237.481,5.83,491.2892633,1.484257593,26.34557227,44.26070039,42.6747619,31.87136364,1.91034567,19.88766913,51.8,16.21129326,3.021688714,7008,3.7,22,9,26.43,0.055363636,6.65534049,263.2509091,39.88545455,0.868003054,58.26082117,64.05,32.46813484,69.42111645,18,77,70.62097627,16,0.210597448,0.26126948,0,71.10352673,20,0.837568229,5.499547628,9.463784048,13.09881519,7.470379871,,,,,Trinity,51.77,-39.403,-23.011,-5.029,-7.411,-630.544,61.97,52.34,2.284,-57.078,-21.373,-15.341,-254.687,-17.31,-176.883,-29.23,0,-276.137,-6.472,-8882,-0.011,-4.23,-2.963,-0.04,-7.35,0.083,0.154,-0.376,-10,-20.679,0.05,89,0.4,0.044,-0.295,-0.562,0.688,-0.217,-0.025,47.708,36.161,-24,-0.03,0.512,-0.405,-5.73,-1.842,-0.149,-0.171,-12.267,-8.9,-31,-122.112,-0.234,-0.912
Ventura,61.6,62.5,61.8,60.6,71.7,58.2,44.1,83.0,56.9,73.4,71.1,49.1,50.1,75.0,68.6,52.3,13.12,4.77,0.77,1.049733792,3.295901005,401.2178613,222.1739376,12.59190751,1.437283237,11.08333333,7,32.70017225,55.30653732,70.40660521,135.876,6.37,283.4045344,2.193825678,6.180455136,52.76657313,46.10722973,35.44125,9.663113947,12.42855596,83.9,4.736950267,3.237369579,4712,3.5,21,8,14.18,0.047884393,9.481055713,682.3509884,51.80347826,0.503893447,52.24501494,65.98,28.30742811,63.2033061,23,97,65.08078232,11,0.227139825,0.176483414,2.358952342,36.35608185,40,11.74391493,9.086118727,9.022628586,20.39008795,12.19589392,,,,,Tulare,59.7,-42.272,-18.962,-5.029,-7.987,-433.209,41.369,50.197,1.388,-87.338,-17.87,-9.699,-673.635,-9.444,-156.732,-15.245,-0.218,-142.088,-6.08,-7225,-0.154,-4,-7.47,-0.061,-1.49,0.073,0.096,-0.822,-7,-20,0.079,59,0,0.046,-0.312,-0.521,0.562,-0.181,-0.151,25.264,36.832,-28,-0.093,0.357,-0.884,-12.467,-0.894,-0.227,-0.134,-13.4,-3.053,-41.8,-376,-0.208,-0.847
Yolo,58.0,55.6,60.9,57.7,53.4,45.5,58.4,67.2,62.3,54.5,67.4,59.9,41.3,88.0,55.8,54.7,15.77,4.26,2.4,2.273386484,1.928249501,540.2734146,164.5224116,23.61219512,2.67195122,14.68333333,5,25.24002222,51.53270921,75.70311798,215.893,4.68,425.1075939,1.975494462,10.34782813,50.32405642,47.15567568,38.06045455,7.258194346,4.906005344,78.1,12.96043656,4.578725806,5384,3.8,23,7,13.63,0.045219512,7.889384866,469.93825,47.74214286,0.484323803,52.31391548,57.55,22.57707956,51.90335644,12,90,46.0327838,8,0.355449166,0.165592353,3.292490769,119.4943001,0,6.50343709,23.95985986,6.598943911,20.73620323,19.83707901,,,,,Tuolumne,51.8,-39.885,-23.528,-1.484,-10.213,-491.289,58.261,64.05,3.022,-71.104,-17.066,-32.468,-586.107,-26.43,-116.771,-19.841,0,-237.481,-6.172,-7008,-0.011,-3.7,-5.83,-0.055,-1.46,0.095,0.131,-0.706,-9,-16,0.055,77,0.2,0.075,-0.305,-0.491,0.694,-0.199,-0.023,31.871,42.675,-22,-0.03,0.443,-0.762,-6.655,-0.99,-0.211,-0.261,-9.397,-7.095,-18,-263.251,-0.162,-0.868
Yuba,39.9,42.9,41.4,35.7,27.3,42.2,41.3,71.0,46.5,29.6,38.3,56.0,31.9,25.3,54.9,36.6,21.51,6.36,1.64,2.188164264,12.01933271,671.4485714,105.4691247,23.50714286,6.592857143,15,7,28.70610104,53.33271702,98.33333333,444.778,10.31,309.7368844,3.215261776,9.377846846,46.95327103,40.61625,29.20714286,7.172298313,11.46410707,63.8,16.69708029,0.732101709,8548,4,28,8,17.27,0.049285714,8.218881333,305.8742857,40.505,0.906977022,45.13959595,48.81,26.12400193,58.20324575,38,50,91.91093725,20,0.300241439,0.191322593,9.377846846,59.32157688,0,6.208601961,9.22358129,10.56201966,11.9638487,4.411575287,,,,,Ventura,83.9,-49.383,-6.18,-2.194,-3.296,-283.404,52.245,65.98,3.237,-36.356,-13.12,-28.307,-401.218,-14.18,-208.906,-12.592,-2.359,-142.088,-4.77,-4712,-0.117,-3.5,-6.37,-0.048,-0.77,0.09,0.204,-0.651,-8,-11,0.091,97,0.4,0.122,-0.327,-0.553,0.632,-0.124,-0.097,35.441,46.107,-21,-0.07,0.528,-0.704,-9.481,-1.05,-0.227,-0.176,-11.083,-1.445,-23,-682.351,-0.047,-0.504
,,,,,,,,,,,,,,,,,,,,,,,,,,,,,,,,,,,,,,,,,,,,,,,,,,,,,,,,,,,,,,,,,,,,,,,,,,,,Yolo,78.1,-47.742,-10.348,-1.975,-1.928,-425.108,52.314,57.55,4.579,-119.494,-15.77,-22.577,-540.273,-13.63,-164.522,-23.612,-3.292,-215.893,-4.26,-5384,-0.065,-3.8,-4.68,-0.045,-2.4,0.067,0.207,-0.46,-7,-10,0.117,90,0,0.17,-0.266,-0.515,0.522,-0.09,-0.073,38.06,47.156,-23,-0.05,0.503,-0.757,-7.889,-1.842,-0.355,-0.166,-14.683,-2.672,-13,-469.938,-0.13,-0.484
,,,,,,,,,,,,,,,,,,,,,,,,,,,,,,,,,,,,,,,,,,,,,,,,,,,,,,,,,,,,,,,,,,,,,,,,,,,,Yuba,63.8,-40.505,-9.378,-3.215,-11.794,-309.737,45.14,50.197,1.274,-59.322,-21.51,-26.124,-671.449,-17.27,-105.469,-23.507,-5.148,-444.778,-6.172,-8548,-0.062,-4,-10.31,-0.049,-1.64,0.106,0.12,-0.822,-8,-20,0.092,50,0,0.044,-0.287,-0.533,0.582,-0.115,-0.072,29.207,40.616,-28,-0.07,0.47,-0.905,-8.219,-1.842,-0.3,-0.191,-15,-6.593,-38,-305.874,-0.167,-0.907
,,,,,,,,,,,,,,,,,,,,,,,,,,,,,,,,,,,,,,,,,,,,,,,,,,,,,,,,,,,,,,,,,,,,,,,,,,,,utopia,96.485,-33.493,-4.439,-0.745,-1.435,-197.622,71.75,78.494,8.27,-10.82,-10.701,-6.198,-216.484,-8.027,-75.955,-5.684,0,-120.775,-2.706,-3804.6,-0.009,-2.864,-2.963,-0.029,-0.63,0.128,0.292,-0.32,-5.95,-8.5,0.135,100,0.69,0.196,-0.226,-0.364,0.844,-0.076,-0.02,54.864,61.614,-16.15,-0.017,0.649,-0.405,-4.171,-0.244,-0.116,-0.114,-7.987,-1.228,-11.05,-103.795,-0.036,-0.375
,,,,,,,,,,,,,,,,,,,,,,,,,,,,,,,,,,,,,,,,,,,,,,,,,,,,,,,,,,,,,,,,,,,,,,,,,,,,dystopia,44.005,-56.79,-27.057,-5.783,-13.563,-725.126,35.164,42.667,1.083,-452.21,-30.032,-43.454,-782.82,-30.733,-240.242,-35.037,-5.92,-724.871,-7.098,-10214.3,-0.177,-4.864,-11.859,-0.07,-8.453,0.057,0.082,-0.945,-11.5,-26.45,0.042,42.245,0,0.037,-0.391,-0.646,0.444,-0.25,-0.174,19.712,30.289,-32.2,-0.107,0.303,-1,-14.337,-2.118,-0.598,-0.39,-19.765,-10.846,-48.07,-1051.484,-0.269,-1